[
    {
        "id": "FLY001",
        "plane": "AB12345",
        "departureLocation": "JFK",
        "arrivalLocation": "LHR",
        "scaleLocation": null,
        "departureDate": "2025-06-01T14:30:00",
        "hoursDurationArrival": 7,
        "minutesDurationArrival": 15,
        "hoursDurationScale": 0,
        "minutesDurationScale": 0
    },
    {
        "id": "SKY102",
        "plane": "CD67890",
        "departureLocation": "GRU",
        "arrivalLocation": "HND",
        "scaleLocation": "DXB",
        "departureDate": "2025-06-02T10:00:00",
        "hoursDurationArrival": 23,
        "minutesDurationArrival": 40,
        "hoursDurationScale": 2,
        "minutesDurationScale": 30
    },
    {
        "id": "JET203",
        "plane": "EF11223",
        "departureLocation": "MEX",
        "arrivalLocation": "CDG",
        "scaleLocation": "JFK",
        "departureDate": "2025-06-03T09:00:00",
        "hoursDurationArrival": 14,
        "minutesDurationArrival": 20,
        "hoursDurationScale": 1,
        "minutesDurationScale": 45
    },
    {
        "id": "AIR304",
        "plane": "GH44556",
        "departureLocation": "SYD",
        "arrivalLocation": "PEK",
        "scaleLocation": null,
        "departureDate": "2025-06-04T16:45:00",
        "hoursDurationArrival": 11,
        "minutesDurationArrival": 0,
        "hoursDurationScale": 0,
        "minutesDurationScale": 0
    },
    {
        "id": "WNG405",
        "plane": "IJ77889",
        "departureLocation": "DUB",
        "arrivalLocation": "FRA",
        "scaleLocation": null,
        "departureDate": "2025-06-05T06:20:00",
        "hoursDurationArrival": 2,
        "minutesDurationArrival": 15,
        "hoursDurationScale": 0,
        "minutesDurationScale": 0
    },
    {
        "id": "FST506",
        "plane": "KL33445",
        "departureLocation": "CMN",
        "arrivalLocation": "LHR",
        "scaleLocation": "CDG",
        "departureDate": "2025-06-06T12:00:00",
        "hoursDurationArrival": 5,
        "minutesDurationArrival": 50,
        "hoursDurationScale": 1,
        "minutesDurationScale": 10
    },
    {
        "id": "BLU607",
        "plane": "MN55667",
        "departureLocation": "PEK",
        "arrivalLocation": "DXB",
        "scaleLocation": null,
        "departureDate": "2025-06-07T19:10:00",
        "hoursDurationArrival": 8,
        "minutesDurationArrival": 5,
        "hoursDurationScale": 0,
        "minutesDurationScale": 0
    },
    {
        "id": "GLD708",
        "plane": "OP88990",
        "departureLocation": "HND",
        "arrivalLocation": "SYD",
        "scaleLocation": "MEX",
        "departureDate": "2025-06-08T23:45:00",
        "hoursDurationArrival": 17,
        "minutesDurationArrival": 30,
        "hoursDurationScale": 3,
        "minutesDurationScale": 0
    },
    {
        "id": "SUN809",
        "plane": "QR66778",
        "departureLocation": "DXB",
        "arrivalLocation": "CMN",
        "scaleLocation": "FRA",
        "departureDate": "2025-06-09T05:30:00",
        "hoursDurationArrival": 10,
        "minutesDurationArrival": 20,
        "hoursDurationScale": 1,
        "minutesDurationScale": 25
    },
    {
        "id": "MOX910",
        "plane": "ST99001",
        "departureLocation": "CDG",
        "arrivalLocation": "GRU",
        "scaleLocation": null,
        "departureDate": "2025-06-10T13:00:00",
        "hoursDurationArrival": 12,
        "minutesDurationArrival": 55,
        "hoursDurationScale": 0,
        "minutesDurationScale": 0
    },
    {
        "id": "WAV011",
        "plane": "UV22334",
        "departureLocation": "LHR",
        "arrivalLocation": "JFK",
        "scaleLocation": "DUB",
        "departureDate": "2025-06-11T15:25:00",
        "hoursDurationArrival": 9,
        "minutesDurationArrival": 35,
        "hoursDurationScale": 1,
        "minutesDurationScale": 0
    },
    {
        "id": "SKR112",
        "plane": "WX55678",
        "departureLocation": "FRA",
        "arrivalLocation": "DUB",
        "scaleLocation": null,
        "departureDate": "2025-06-12T07:15:00",
        "hoursDurationArrival": 2,
        "minutesDurationArrival": 0,
        "hoursDurationScale": 0,
        "minutesDurationScale": 0
    }
]
